PTTI 2008 Attendee's List

Harry Adjemian
Pendulum Instruments
5570 Sterrett Place
Suite 305
Columbia, MD 21044
410-884-7303
Fax 410-884-7306
harry@eicorp.com

Malcolm Airst
MITRE Corporation
4491 Marseilles St.
San Diego, CA 92107-4235
619-318-3837
Fax 619-222-2260
mairst@mitre.org

Jim Allocco
Spectracom Corporation
95 Methodist Hill Drive
Suite 500
Rochester, NY 14623
585-321-5800
Fax 585-321-5218
sales@spectracomcorp.com

Franklin Ascarrunz
SpectraDynamics Inc.
1849 Cherry Street
Unit 2
Louisville, CO 80027
303-665-1852
Fax 303-604-6088
franklin@spectradynamics.com

Huascar Ascarrunz
ITT
77 River Road
Fresh Meadows, NY 11365
720-519-9349
huascar.ascarrunz@itt.com

Glen Baer
JHU/Applied Physics Laboratory
11100 Johns Hopkins Road
Laurel, MD 20723
443-778-5837
glen.baer@jhuapl.edu

Srinivas Bangalore
Brilliant Telecommunications
307 Orchard City Drive
San Jose, CA 95008
408-768-1388
srinivas@brillianttelecom.com

Tom Bartholomew
Northrop Grumman IT TASC
2701 Technology Drive
Columbia, MD 21044
410-997-2622
Fax 301-604-0500
thomas.bartholomew@ngc.com

Francoise Baumont
OCA Geosciences-Azur
Avenue Nicolas Copernic
Grasse 06130 
France
33 4 93 405338
Fax 33 4 93 405333
francoise.baumont@obs-azur.fr

Ronald Beard
Naval Research Laboratory
4555 Overlook Avenue, SW
WashingtonDC 20375
202-404-7054
Fax 202-767-2845
ronald.beard@nrl.navy.mil

Matt Beatty
TRAK - Creative Marketing Associates
9730 Patuxent Woods Road
Suite 500
Columbia, MD 21046
301-953-7740
matt.beatty@cmaltd.com

Stefan Bedrich
Kayser-Threde GmbH
Wolfratshauser Strasse 48
Muenchen Bavaria 81379 
Germany
49 897 249 5252
Fax 49 897 249 5215
stefan.bedrich@kayser-threde.com

Roman Bilyk
TRAK - Creative Marketing Associates
9730 Patuxent Woods Road
Suite 500
Columbia, MD 21046
301-953-7740
roman.bilyk@cmaltd.com

Martin Bloch
Frequency Electronics, Inc.
55 Charles Lindbergh Blvd.
Uniondale, NY 11553
516-794-4500 x5003
Fax 516-794-4340
martinb@freqelec.com

Doug Boehm
Naval Research Laboratory
4555 Overlook Avenue, SW
WashingtonDC 20375
202-767-5004
Fax 202-767-2845
douglas.boehm@nrl.navy.mil

Lee Breakiron
U.S. Naval Observatory
3450 Massachusetts Avenue, NW
Washington, DC 20392
202-762-1092
Fax 202-762-1511
lee.breakiron@usno.navy.mil

Jeanne Brown
U.S. Army
2055 Boulders Road
Charlottesville, VA 22911
434-980-7248
Fax 434-980-7321
jeanne.brown@us.army.mil

Russell Bumgarner
U.S. Naval Observatory
3450 Massachusetts Avenue, NW
Washington, DC 20392
202-762-0725
russell.bumgarner@usno.navy.mil

Rick Buongiovanni
The Institute of Navigation
3975 University Drive
Suite 390
Fairfax, VA 22030
703-383-9688
rbuongi@ion.org

Leisa Butler
Pendulum Instruments
5811 Racine Street
Oakland, CA 94609
510-428-9488
Fax 510-428-9469
leisa.butler@pendulum-instruments.com

Richard Camp
DISA
5275 Leesburg Pike
Falls Church, VA 22041-3803
703-882-1462
richard.camp@disa.mil

James Camparo
The Aerospace Corporation
PO Box 92957
Redondo Beach, CA 90277
310-378-3166
Fax 310-336-7055
james.c.camparo@aero.org

Peter Cash
Symmetricom
34 Tozer Road
Beverly, MA 01915
978-232-1415
pcash@symmetricom.com

Yat Chan
The Aerospae Corporation
2250 El Segundo Blvd.
El Segundo, CA 
310-336-5073
yat.c.chan@areo.org

David Chandler
Vectron International
100 Watt Street
Mount Holly Springs, PA 17007
717-486-6067
dchandler@vectron.com

Po-Cheng Chang
Telecommunication Laboratories
No. 12 Lane 551, MinTsu Rd Sec. 5
YangMei Taoyuan 32617 
Taiwan
886 3 4245179
Fax 886 3 4245474
betrand@cht.com.tw

Phil Chen
TRAK - Creative Marketing Associates
9730 Patuxent Woods Road
Suite 500
Columbia, MD 21046
301-953-7740
phil.chen@cmaltd.com

Tom Clark
NVI/NASA Goddard
6388 Guilford Rd
Clarksville, MD 21029
301-854-3113
k3io@verizon.net

Thomas Comberiate
JHU Applied Physics Lab
11100 Johns Hopkins Road
Laurel, MD 20723
443-996-6618
thomas.comberiate@jhuapl.edu

Lee Cosart
Symmetricom, Inc.
2300 Orchard Parkway
Palo Alto, CA 95131
650-843-1898
Fax 408-428-6951
lcosart@symmetricom.com

Jean-Yves Courtois
Spectracom/Orolia
291 rue Albert Caquot
Sophia Antipolis 06560 
France
33 492 907 043
Fax 33 492 380 975
jyc@orolia.com

John Cuthbertson
Frequency Electronics
55 Charles Lindbergh Blvd.
Uniondale, NY 11553
516-794-4500 x5105
Fax 516-794-4340
johncu@freqelec.com

Aaron Dahlen
Coast Guard Loran Support Unit
12001 Pacific Ave
Wildwood, NJ 08260
609-523-7204
Fax 609-523-7320
aaron.p.dahlen@uscg.mil

Marc Damashek
DoD
9800 Savage Rd
Ste 6513
Hampstead, MD 21074
410-374-5008
Fax 301-688-8261
marcdorders1@gmail.com

Nino De Falcis
SpectraTime
Austin, TX 
512-394-8463
nino@spectratime.com

Pascale Defraigne
Royal Observatory of Belgium
Avenue Circulaire, 3
Brussels B-1180 
Belgium
32-2-373 02 60
Fax 32-2-374 98 22
p.defraigne@oma.be

Edoardo Detoma
SEPA S.p.A.
Via Andrea Pozzo 8
Torino 10151 
Italy
39 011 0519 220
Fax 39 011 0519 244
edoardo.detoma@sepatorino.it

Alyona Diachenko
Brandywine Communications
1153 Warner Avenue
Tustin, CA 92780
571-643-0572
Fax 571-643-0573
adiachenko@brandywinecomm.com

William Diener
Jet Propulsion Labortory
4800 Oak Grove Dr.
M/S 298-134
La Habra Hts, CA 90631
562-697-7657
Fax 818-393-6773
bdiener@jpl.nasa.gov

Tony DiFlorio
Spectracom Corporation
95 Methodist Hill Drive
Suite 500
Rochester, NY 14623
585-321-5800
Fax 585-321-5218
sales@spectracomcorp.com

Ben Dominguez
U.S. Air Force
14381 Slatemore Road
Haymarket, VA 20169
703-808-4510
benito.m.dominguez@ugov.gov

Mikhail Drabkin
Symmetricom
3750 Westwind Blvd
Santa Rosa, CA 95403
707-636-1929
Fax 707-636-2406
mdrabkin@symmetricom.com

Sven-Christian Ebenhag
SP Technical Research Institute of Sweden
Box 857
Brinellgatan 4
Bor ùs VG SE-50115 
Sweden
46105165569
Fax 46105165620
sven-christian.ebenhag@sp.se

Julia Engelberg
Pendulum Instruments
P.O. Box 20020
Bromma SE-161 02 
Sweden
46859851055
Fax 4659851040
julia.engelberg@pendulum.se

Marvin Epstein
ITT
77 River Road
Clifton, NJ 07014
973-284-2614
Fax 973-284-2849
marvin.epstein@itt.com

Hector Esteban Pinillos
Real Observatorio Armada
C/ Cecilio Pujazon s/n
San FernandoCadiz 11100 
Spain
34956545594
Fax 34956599366
hesteban@roa.es

Rachel Evans
JHU Applied Physics Laboratory
11100 Johns Hopkins Road
Laurel, MD 20723
443-778-3484
rachel.evans@jhuapl.edu

Sheila Faulkner
GSGNA, Inc.
3159 Patrick Henry Drive
Falls Church, VA 22044
703-532-6411
Fax 703-532-6338
bopenyan@aol.com

Michael Feeney
Septentrio
5900 Wilshire Blvd.
Littleton, MA 01460
978-952-8170
Fax 323-297-4648
mike.feeney@septentrio.com

Thorsten Feldmann
Physikalisch-Technische Bundesanstalt
Bundesallee 100
Braunschweig Niedersachsen 38116 
Germany
49 531 592 4470
Fax 49 531 592 4479
thorsten.feldmann@ptb.de

Blair Fonville
U.S. Naval Observatory
3450 Massachusetts Avenue, NW
Washington, DC 20392
202-762-1450
blair.fonville@usno.navy.mil

Roland Frenkiel
Thales Alenia Space
26 Avenue J.F. Champollion
BP 33787
Toulouse Cedex 1 Haute-Garonne 31037 
France
33 534 356 784
Fax 33 534 354 791
roland.frenkiel@thalesaleniaspace.com

Masato Fukui
University of Tokyo
4-6-1 Komaba
Sumida-ku Tokyo 130-0026 
Japan
90-7127-2512
moonwalker-fukui@aist.go.jp

Georg Gaderer
Austrian Academy of Sciences
Viktor-Kaplan-Stra  e 2
Wiener Neustadt A-2700 
Austria
43-262223420-0
Fax 43-262223420-99
georg.gaderer@oeaw.ac.at

Jeffrey Garstecki
JHU Applied Physics Laboratory
10213 Rutland Round Road
Columbia, MD 21044
717-386-6940
jeffrey.garstecki@jhuapl.edu

Mike Garvey
Symmetricom
34 Tozer Road
Swampscott, MA 01907
781-595-4978
Fax 978-927-4099
rmgarvey@symmetricom.com

Justin Ghalayini
ITT
1919 W Cook Rd.
Fort Wayne, IN 46818
260-451-4054
Fax 260-451-3497
justin.ghalayini@itt.com
Chris Gildea
MarkTron, Inc.
5903 Enterprise Court
Frederick, MD 21703
301-251-8990
Fax 301-620-2079
chrisg@marktron.com

Tadahiro Gotoh
National Institute of Information and Communications Technology
4-2-1, Nukui-Kita
Koganei Tokyo 184-8795 
Japan
81 42 327 6850
Fax 81 42 327 6664
tara@nict.go.jp

Dan Gotzinger
Lockheed Martin
7412 S. Everett Ct.
Littleton, CO 80128
303-977-5705
Fax 303-971-0142
daniel.e.gotzinger@lmco.com

Lloyd Green
Brilliant Telecommunications
307 Orchard City Drive
San Jose, CA 95008
408-866-1876
Fax 408-866-1708
lloyd@brillianttelecom.com

Charles Greenhall
Jet Propulsion Laboratory
4800 Oak Grove Dr.
MS 298
South Pasadena, CA 91030
323-258-1017
Fax 818-393-6773
cgreenhall@jpl.nasa.gov

Philippe Guillemot
CNES
18 Avenue Edouard Belin
Toulouse Cedex 9 Haute-Garonne 31401 
France
33 561 273 913
Fax 33 561 282 613
philippe.guillemot@cnes.fr

Christine Hackman
U.S. Naval Observatory
3450 Massachusetts Avenue NW
Washington, DC 20392
202-762-1428
hackman.christine@usno.navy.mil

Don Hanham
Furuno USA GPS/Timing Division
10602 NE 60th Street
Kirkland, WA 98033
425-576-8550
dhanham@earthlink.net

Don Hanham
Furuno
10602 NE 60th Street
Kirkland, WA 98033
425-576-8550
Fax 425-822-9571
don@furunogps.us.com

James Hanssen
U.S. Naval Observatory
3450 Mass Avenue NW
Washington, DC 20392-5420
hanssen@atom.uwno.navy.mil

Ken Hartman
NavSync
2111 Comprehensive Dr.
Aurora, IL 60505
630-851-4722
Fax 630-851-5040
khartman@navsync.com

Nigel Helsby
Time & Frequency Solutions Ltd.
Abbots Wood, Salcott, Maldon
Essex CM9 8HW 
United Kingdom
44 162 186 0416
Fax 44 162 186 0416
nigel.helsby@btinternet.com

Linda Herrell
JPL
4800 Oak Grove
M/S 180-603
Monrovia, CA 91016
626-359-9147
Fax 818-393-0068
linda.herrell@jpl.nasa.gov

Irene Hidalgo
GMV Aerospace and Defence, S.A.
C/ Isaac Newton 11
Tres Cantos
Madrid 28760 
Spain
34918072100
Fax 34918072199
ihidalgo@gmv.com

Johanna Hilbert
Lockheed Martin
13390 Callae Drive
Denver, CO 80201
303-977-0963
johanna.hilbert@lmco.com

Tomoyasu Hirose
Marubun Corp.
8-1 Odenmacho Nihonbashi
Chuo-ku Tokyo 103-8577 
Japan
81 3 3639 9881
hirose@marubun.co.jp

Jonathan Hirschauer
U.S. Naval Observatory
3450 Massachusetts Avenue, NW
Washington, DC 20392
202-762-0306
jonathan.hirschauer@usno.navy.mil

David Holder
U.S. Coast Guard
7323 Telegraph Rd.
Alexandria, VA 22315
703-313-5879
david.a.holder@uscg.mil

David Howe
NIST
325 Broadway
Boulder, CO 80305
303-497-3277
Fax 303-497-5996
dhowe@nist.gov

Wan-Thai Hsu
Discera Inc.
655 Phoenix Dr.
Saline, MI 48176
734-429-4209
Fax 734-528-6367
whsu@discera.com

John Ivens
NDK America, Inc.
701 Crystal Parkway
Loves Park, IL 61111
815-885-4203
Fax 815-547-3095
johnivens@ndkxtal.com

Toshiaki Iwata
National Institute of Advanced Industrial Science and Technology
1-1-1 Umezono
305-8568 Tsukuba Ibaraki 
Japan
81-29-861-5706
Fax 81-29-861-5709
totty.iwata@aist.go.jp

Bernardo Jaduszliwer
The Aerospace Corporation
PO BOx 92957
Mail Stop M2/253
Los Angeles, CA 90009
310-336-9217
Fax 310-563-2564
jaduszliwer@aero.org

Nikki Jardine
U.S. Naval Research Laboratory
4555 Overlook Avenue SW
Washington, DC 20375
202-767-2595
Fax 202-767-2854
nikki.jardine@nrl.navy.mil

Steven Jefferts
NIST
325 Broadway
Div 847.5
Boulder, CO 80305
303-497-7377
jefferts@boulder.nist.gov

Clifford Jenkins
U.S. Army - WSMR
TEDT-WSR-DGT
WSMR ,NM 88002
575-678-5196
Fax 575-679-9429
clifford.l.jenkins@us.army.mil

Zhiheng Jiang
Bureau International des Poids et Mesures
Pavillon de Breteuil
Sevres F-92312 
France
33 1 4507 7034
Fax 33 1 4507 7059
zjiang@bipm.org

Staffan Johansson
Pendulum Instruments
P.O. Box 20020
Bromma SE-161 02 
Sweden
4659851058
Fax 4659851040
staffan.johansson@pendulum.se

Chung Kang
U.S. Air Force
4801 Stonecroft Blvd.
Chantilly, VA 20151
chung.kang@welkin.com

Sarunas Karuza
The Aerospace Corporation
P.O. Box 92957 -M1/111
Los Angeles, CA 90009-2957
310-336-6837
Fax 310-336-0620
sarunas.k.karuza@aero.org

Shalom Kattan
Brilliant Instruments
1600 W Campbell Ave, 206
Campbell, CA 95008
408-866-0426
Fax 408-866-0431
shalom@b-i-inc.com

Wendy Kelley
U.S. Naval Observatory
3450 Massachusetts Avenue, NW
Washington, DC 20392
202-762-1455
wendy.kelley@usno.navy.mil

Chris King
ITT
1919 W Cook Rd.
Fort Wayne, IN 46818
260-451-4054
Fax 260-451-3497
chris.king@itt.com

William Klepczynski
U.S. Naval Observatory
3530 South River Terrace
Edgewater, MD 21037
202-286-3050
wklepczy@comcast.net

Tim Klimasewski
Spectracom Corporation
95 Methodist Hill Drive
Suite 500
Rochester, NY 14623
585-321-5800
Fax 585-321-5218
sales@spectracomcorp.com

Thomas Klocek
The MITRE Corporation
307 Naples Court
Chesapeake, VA 23322
757-615-1311
tklocek@mitre.org

Paul Koppang
U.S. Naval Observatory
3450 Massachusetts Avenue, NW
Washington, DC 20392
202-762-0207
koppang.paul@usno.navy.mil

Matt Korzan
The Institute of Navigation
3975 University Drive
Suite 390
Fairfax, VA 22030
703-383-9688
Fax 703-383-9689
mkorzan@ion.org

Motohiro Kumagai
National Institute of Information and Communications Technology
4-2-1, Nukui-Kita
Koganei Tokyo 184-8795 
Japan
81 42 327 7558
Fax 81 42 327 6694
mkumagai@nict.go.jp

Paul Kunz
NIST
325 Broadway
mailstop 847, room 3034
Boulder, CO 80305
325-497-4778
kunzp@nist.gov

Hans Kunze
ITT Corporation CS GNSS Solutions
2193 Anchor Court
Thousand Oaks, CA 91320
805-262-3094
Fax 805-262-3071
hans.kunze@itt.com

Francois Lahaye
Natural Resources Canada
615 Booth Street
Ottawa Ontario K1A 0E9 
Canada
613-992-3138
Fax 613-995-3215
flahaye@nrcan.gc.ca

Werner R. Lange
Lange-Electronic GmbH
Rudolf-Diesel-Str. 29a
Gernlinden Bavaria 82216 
Germany
49 8142 284 5820
WLange@lange-electronic.de

Judah Levine
National Institute of Standards and Technology
Time and Frequency Division/847
325 Broadway
Boulder, CO 80305
303-497-3903
Fax 303 497 6461
jlevine@boulder.nist.gov

Wlodzimierz Lewandowski
BIPM
Pavillon de Breteuil
Sevres Cedex F-92312 
France
33 6 62 84 56 86
Fax 33 1 45 07 70 59
wlewandowski@bipm.org

Calvin S.Y. Lin
Telecommunication Laboratories
No. 12 Lane 551, MinTsu Rd Sec. 5
YangMei Taoyuan 32617 
Taiwan
886 3 4245483
Fax 886 3 4245474
sylin@cht.com.tw

Michael Lombardi
NIST
Division 847
325 Broadway
Boulder, CO 80305
303-497-3212
Fax 303-497-3228
lombardi@nist.gov

Pete Lopez
TRAK Microwave
4726 Eisenhower Blvd
Tampa, FL 33634
813-901-7200
Fax 801-901-7491
plopez@trak.com

Peter Lothberg
STUPI LLC
101 1st Street
Los Altos, CA 94022
roll@stupi.com

Doug Lowrie
Symmetricom
34 Tozer Rd.
South Hamilton, MA 01982
978-869-3400
Fax 978-927-4099
dlowrie@symmetricom.com

Marzenna Lusawa
National Institute of Telecommunications
Szachowa 1
04-894 Warszawa 
Poland
48 022 5128 140
Fax 48 022 5128 492
m.lusawa@itl.waw.pl

Gene Madiou
Pendulum Instruments
5570 Sterrett Place
Suite 305
Columbia, MD 21044
410-884-7303
Fax 410-884-7306
gene@eicorp.com

Greg Mahowald
Northrop Grumman Electronic Systems
P.O. Box 1693
MS 423
Washington, DC 20009
301-915-4820
gregory.mahowald@ngc.com

Alexey Malevanov
Morion, Inc.
13a KIMa avenue
Saint-Petersburg 199155 
Russia
7 812 3325032
Fax 7 812 3501559
alexey@morion.com.ru

Leo Mallette
Mallette Consulting
20 Garden Gate Lane
Irvine, CA 92620
760-799-0700
leokathy96@aol.com

Oleandro Mancini
Frequency Electronics
55 Charles Lindbergh Blvd.
Uniondale, NY 11553
516-794-4500 x3015
Fax 516-794-4340
oliem@freqelec.com

Dennis Manning
National Geospatial-Intelligence Agency
SNGE, L-22
3838 Vogel RdArnold,  MO
63010
314-676-1248
dennis.m.manning@nga.mil

Michal Marszalec
National Institute of Telecommunications
Szachowa 1
04-894 Warszawa 
Poland
48 022 5128 140
Fax 48 022 5128 492
m.marszalec@itl.waw.pl

Maria del Carmen Martinez Belda
Universityo of Alicante
Carretera San Vicente del Raspeig S/N
Elche Alicante 03203 
Spain
34 646 380 291
Fax 34 965 909 707
carmen.martinez@ua.es

Demetrios Matsakis
U.S. Naval Observatory
3450 Massachusetts Avenue, NW
Washington, DC 20392
202-762-1587
dnm@usno.navy.mil

Dennis McCarthy
U.S. Naval Observatory
3450 Massachusetts Ave
Washington, DC 20392
202-762-1837
dennis.mccarthy@usno.navy.mil

Roshene McCoool
The University of Manchester
Oxford Road
Manchester M13 9PL 
United Kingdom
44 0 161 275 4092
mccool@skatelescope.org

Angela McKinley
U.S. Naval Observatory
3450 Massachusetts Avenue, NW
Washington, DC 20392
202-762-1457
angela.mckinley@usno.navy.mil

Steven Miller
DoD
9800 Savage Rd.
Suite 6448
Ft. George Meade, MD 20755-6448
240-373-8735
sgmille@nsa.gov

Mihran Miranian
JHU/Applied Physics Laboratory
11100 Johns Hopkins Road
Laurel, MD 20723
240-228-6210
Fax 443-778-5883
mihran.miranian@jhuapl.edu

Billy Mitchell
TRAK - Creative Marketing Associates
9730 Patuxent Woods Road
Suite 500
Columbia, MD 21046
301-953-7740
billy.mitchell@cmaltd.com

Don Mitchell
GEIL Marketing Associates
934 Calle Negocio, Suite B
San Clemente, CA 92673
949-361-0212
Fax 949-361-0312
don@gmasales.com

Kirk Montgomery
Symmetricom
49 Whitson Ridge Drive
Stafford, VA 22554
540-729-6945
kmontgomery@symmetricom.com

Fred Nassauer
Synergy Systems,LLC
Nassauer Associates
27 Wintergreen Way
PO Box 374
Quogue, NY 11959
631-653-8136
Fax 631-653-0679
info@nassauerassociates.com

Jerzy Nawrocki
AOS Borowiec
ul Drapalka 4
Kornik 62-035 
Poland
48 618 170 187
Fax 48 618 170 219
nawrocki@cbk.poznan.pl

Lee Nelson
DoD
8775 Centre Park Drive
Ste 725
Columbia, MD 21045
443-300-9527 x717
Fax 443-300-9527
lee.nelson@pci-sm.com

Dariusz Nerkowski
National Institute of Telecommunications
Szachowa 1
04-894 Warszawa 
Poland
48 022 5128 409
Fax 48 022 5128 492
d.nerkowski@itl.waw.pl

Anton Niessner
BEV
Arltgasse 35
Vienna 1160 
Austria
43 121 110 6234
anton.niessner@bev.gv.at

Alexey Nikolaev
Gazprombank
50a/8, Bldg. 2
Zemlianoy Val St.
Moscow 109028 
Russia
7 495 225 8150
Fax 7 495 225 81 49
alexeya.nikolaev@gazprombank.ru

Pawel Nogas
PikTime Systems
ul. Cytrynowa 22
Poznan 61-602 
Poland
48601774321
pawel@piktime.com

Vannaroth Nuth
The Aerospace Corporation
PO Box 92957 M5-682
Corona, CA 92880
951-520-9142
Fax 310-336-5076
Vannaroth.nuth@aero.org

Karen O'Donoghue
NSWCDD
17320 Dahlgren Rd
Dahlgren, VA 22448
540-653-1567
karen.odonoghue@navy.mil

Jay Oaks
Naval Research Laboratory
4555 Overlook Avenue, SW
WashingtonDC 20375
202-767-1434
Fax 202-767-2845
oaks@nrl.navy.mil

Jean-Louis Oneto
OCA Geosciences-Azur
Avenue Nicolas Copernic
Grasse Provence 06130 
France
33 6 89 307500
Fax 33 4 93 405333
jean-louis.oneto@obs-azur.fr

Ben Ong
SAIC
300 N. Sepulveda Blvd.
Suite 3000
El Segundo, CA 90245
714-454-5738
ongbv@saic.com

Alessandra Ostillio
European Space Agency
PO Box 299
Leiden ZH 2311 CC 
The Netherlands
31 71 565 3468
Fax 31 71 565 4369
alessandra.ostillio@esa.int

Bryan Owings
Symmetricom
1711 Holt Roadf
Tuscaloosa, AL 35404
205-553-0038
bowings@symmetricom.com

Vitaly Palchikov
VNIIFTRI
Mendeleevo Moscow Region 141570
 Russia
74 95 660 5724
Fax 74 95 660 1741
Speaker
vitpal@mail.ru

Gianna Panfilo
BIPM
Pavillon de Breteuil
Sevres Cedex F-92312 
France
33 145 077 075
Fax 33 145 077 059
gpanfilo@bipm.org

George Panor
Shore Solutions, LLC
229 Winchester Drive
Centreville, MD 21617
410-758-6990
Fax 410-758-9852
gpanor@shore-solutions.net

Gil Passwaters
Furuno USA GPS/Timing Division
70 Engerman Avenue
Denton, MD 21629
800-343-9171
gpasswaters@furuno.com

Colin Petersen
Applied Research Labs
PO Box 8029
Austin, TX 78722
512-835-3040
colin@arlut.utexas.edu

Sophie Pireaux
Royal Observatory of Belgium
3 Avenue Circulaire
Brussels 1080 
Belgium
32 2 373 67 53
Fax 32 2 374 98 22
sophie.pireaux@oma.be

Ed Powers
U.S. Naval Observatory
3450 Massachusetts Avenue, NW
Washington, DC 20392
202-762-1451
edward.powers@usno.navy.mil

John Puhle
TRAK Microwave
4726 Eisenhower Blvd
Tampa, FL 33634
813-901-7200
Fax 801-901-7491
jpuhle@trak.com

Tony Rand
TRAK - Creative Marketing Associates
9730 Patuxent Woods Road
Suite 500
Columbia, MD 21046
301-953-7740
tony.rand@cmaltd.com

Matthew Reinhart
JHU/APL
11100 Johns Hopkins Rd.
Laurel, MD 20723
443-778-6410
Fax 443-778-5883
matthew.reinhart@jhuapl.edu

William Riley
Hamilton Technical Services
650 Distant Island Drive
Beaufort, SC 29907-1580
843-525-6495
Fax 843-525-0251
bill@wriley.com

Randy Rollo
U.S. Navy SSC Pacific
53560 Hull Street
San Diego, CA 92152
619-553-3256
randall.rollo@navy.mil

Ron Roloff
Geil Marketing Associates
8005 McKenstry Drive
Laurel, MD 20723
301-502-4339
Fax 301-725-2171
rroloff@comcast.net

Stefania Romisch
Spectral Research - NIST
1849 Cherry St. #2
Jamestown, CO 80455
720-427-0419
romisch@spectralresearch.biz

Liz Ronchetti
Wenzel Associates
2215 Kramer Lane
Austin, TX 78758
512-835-2038
Fax 512-450-1430
liz@wenzel.com

Laura Ruppalt
JHU Applied Physics Lab
11100 Johns Hopkins Road
Laurel, MD 20723
443-778-7783
laura.ruppalt@jhuapl.edu

Dilek Sarikaya
TimeTech GmbH
Curiestrasse 2
70563 Stuttgart Baden-Wurttemberg 
Germany
49 711 678080
Fax 49 711 6780899
dilek.sarikaya@timetech.de

Ken Senior
Naval Research Laboratory
4555 Overlook Avenue, SW
WashingtonDC 20375
202-767-2043
Fax 202-767-2845
ken.senior@nrl.navy.mil

Art Sepin
Synergy Systems, LLC
PO Box 262250
San Diego, CA 92131
858-566-0666
Fax 858-566-0768
art@synergy-gps.com

Rita Sepin
Synergy Systems, LLC
PO Box 262250
San Diego, CA 92131
858-566-0666
Fax 858-566-0768
rita@synergy-gps.com

Ilaria Sesia
INRIM
Strada delle Cacce, 91
Torino 10135 
Italy
39 011 391 9234
Fax 39 011 391 9259
i.sesia@inrim.it

Suman Sharma
National Physical Laboratory
Time & Frequency Section
New Delhi 110012 
India
91 11 25841506
Fax 91 11 25841506
sumansharma1980@yahoo.co.in

George Shaton
DoD
3808 Palmetto Ct.
Ellicott City, MD 21042
410-465-9079
gashaton@ieee.org

Jim Skinner
U.S. Naval Observatory
400 O'Malley Ave
Suite 44
Schriever AFB, CO 80912
719-567-6389
Fax 719-567-6763
skinner.james@usno.navy.mil

Gary Smith
Brandywine Communications
1153 Warner Avenue
Tustin, CA 92780
714-755-1050
Fax 714-755-0175
garysmith@brandywinecomm.com

Armin Soering
Perrot Turmuhren
Breslauer Str. 1
Calw Baden-Wurttemberg 75353 
Germany
49 6151 314796
Fax 49 7051 929590
armin.soering@online.de

Samuel Stein
Symmetricom Time Test & Measurement
4775 Walnut Street
Suite 1B
Boulder, CO 80301
303-539-4909
Fax 303-443-5152
sstein@symmetricom.com

Scott Stever
Agilent Technologies
900 S. Taft Avenue
Loveland, CO 80537
970-679-2437
scott-stever@agilent.com

Michail Stolhand
JT3, LLC
PO Box 217
Clearfield, UT 84089
801-777-9523
Fax 801-586-5982
michail.stolhand@hill.af.mil

Bruno Storni
Via Gaggiole 47
Gordola Ticino Ch-6596 
Switzerland
41 76 399 57 72
storni@adelsy.ch

Matthias Suess
German Aerospace Center
Oberpfaffenhofen
81241 Munich 
Germany
49 8153 28 3178
matthias.suess@dlr.de

Ryszard Szplet
Military University of Technology
Kaliskiego 2
Warsaw Mazovian 00-908 
Poland
48 22 683 7630
Fax 48 22 683 9038
rszplet@wel.wat.edu.pl

Shervin Taghavi
JPL
4800 Oak Grove Drive
MS 298
Pasadena, CA 91109
626-390-4434
shervin.taghavi@jpl.nasa.gov

Patrizia Tavella
INRIM
Strada delle Cacce, 91
Torino 10135 
Italy
39 011 391 9235
Fax 39 011 391 9259
tavella@inrim.it

Jennifer Taylor
National Institute of Standards and Technology
325 Broadway
Boulder, CO 80305
303-497-3069
jennifer.taylor@nist.gov

Gary Thomas
U.S. Coast Guard
Loran Support Unit
12001 Pacific Ave.
Wildwood, NJ 08260
609-523-7248
gary.m.thomas@uscg.mil

Robert Tjoelker
Jet Propulsion Laboratory
4800 Oak Grove Drive
M/S 298
Pasadena, CA 91109
818-393-5293
Fax 818-393-6773
tjoelker@jpl.nasa.gov

Albert Treytl
Austrian Academy of Sciences
Viktor-Kaplan-Stra  e 2
Wiener Neustadt A-2700 
Austria
43-262223420-0
Fax 43-262223420-0
albert.treytl@oeaw.ac.at

Yutaka Tsujii
Furuno Electric Co., LTD
2-20 Nishinomiya-hama
Nishinomiya 662-0934 
Japan
81 0 798 33-7555
Fax 81 0 798 33 7511
yutaka.tsujii@furuno.co.jp

Robert Urbaniak
PikTime Systems
ul. Cytrynowa 22
Poznan 61-602 
Poland
48508100247
robert@piktime.com

Francine Vannicola
Naval Research Laboratory
4555 Overlook Avenue, SW
WashingtonDC 20375
202-404-4015
Fax 202-767-2845
francine.vannicola@nrl.navy.mil

Charles Verget
TRAK - Creative Marketing Associates
9730 Patuxent Woods Road
Suite 500
Columbia, MD 21046
301-953-7740
charles.verget@cmaltd.com

Yakov Vorokhovsky
Morion, Inc.
13a KIMa avenue
Saint-Petersburg 199155 
Russia
7 812 3507572
Fax 7 812 3507290
yakov@morion.com.ru

Phillip Walker
FEI-Zyfer
8209 Great Run Lane
Warrenton, VA 20186
540-349-8330
Fax 540-349-5349
pww@fei-zyfer.com

Pierre Waller
European Space Agency
PO box 299
Amsterdam NH 1075PS 
The Netherlands
31 20 669 06 28
Fax 31 71 565 45 96
pierre.waller@esa.int

Warren Walls
U.S. Naval Observatory
3450 Massachusetts Avenue, NW
Washington, DC 20392
202-762-1581
Fax 202-762-1511
warren.walls@navy.mil

Qinghua Wang
SpectraTime
Vauseyon 29
Neuchatel 2000 
Switzerland
41 32 732 9673
Fax 41 32 732 1667
qinghua@spectratime.com

S. Clark Wardrip
GSGNA, Inc.
726 Foxenwood Drive
Santa Maria, CA 93455-4221
805-937-6448
skyclark1@msn.com

Rick Watkins
JT3, LLC
PO Box 217
Clearfield, UT 84089
801-777-9523
Fax 801-586-5982
rick.watkins@hill.af.mil

Michael Watts
Sandia National Labs
PO Box 5800
Albuquerque, NM 87111
505-250-1769
mwatts@sandia.gov

Gregory Weaver
JHU/APL
11100 Johns Hopkins Road
Laurel, MD 20723
443-778-5837
Fax 240-228-5883
gregory.weaver@jhuapl.edu

Marc Weiss
NIST Time and Frequency Division
MS 847
325 Broadway
Boulder, CO 80302
303-447-9845
Fax 303-497-6461
mweiss@boulder.nist.gov

Jenny Wellman
ITT
1919 W Cook Rd.
Fort Wayne, IN 46818
260-451-4054
Fax 260-451-3497
jenny.wellman@itt.com

Joe White
Naval Research Laboratory
4555 Overlook Avenue, SW
WashingtonDC 20375
202-767-5111
Fax 202-767-2845
joe.white@nrl.navy.mil

Lisa Withers
Spectracom Corporation
95 Methodist Hill Drive
Suite 500
Rochester, NY 14623
585-321-5800
Fax 585-321-5218
sales@spectracomcorp.com

Michael Wolf
TimeTech GmbH
Curiestrasse 2
70563 Stuttgart Baden-Wurttemberg 
Germany
49 711 678080
Fax 49 711 6780899
michael.wolf@timetech.de

Lawrence Woodward
Raytheon
1610 8th Place
McLean, VA 22101
703-460-3719
truth@verizon.net

David Wright
Time & Frequency Solutions
25 Eastways
Witham Essex CM8 3AL 
United Kingdom
44-1376-514114
Fax 44-1376516116
david.wright@timefreq.com

Andy Wu
The Aerospace Corporation
2350 E. El Segundo Bl.
El Segundo, CA 90245-4691
310-336-0437
c.wu@aero.org

Chaim Zaks
SpectraTime
Vanguard Engineering
Germantown, MD 20874
301-353-9113
Fax 301-972-5669
vge1@erols.com

George Zampetti
2300 Orchard Pkwy
San Jose, CA 95131
408-428-7835
gzampetti@symmetricom.com

Victor Zhang
National Institute of Standards and Technology
325 Broadway
Louisville, CO 80027
303-666-5625
Fax 303-497-6461
vzhang@boulder.nist.gov
